name,price,description,link
Boys' Grade School UA Surge 4 Running Shoes,63.97 - 70,"These shoes are going to feel cushioned and comfortable, but also light and breathable. Why? Because when you never slow down, that's what you need., Lightweight, breathable mesh upper with synthetic overlays for added durability & support,TPU heel overlay for added durability & support,Enhanced cushioning around ankle collar for superior comfort,Full-length EVA sockliner for added comfort & a custom fit,Cushioned EVA midsole delivers a lightweight & responsive ride,Durable outsole with slightly raised rubber knobs for added grip & traction,Regular,Style #: 3027103,Lace type: Standard tie,Imported",https://www.underarmour.ca/en-ca/p/running_and_training/boys_grade_school_ua_surge_4_running_shoes/3027103.html?dwvar_3027103_color=600
Pre-School UA Jet '23 Basketball Shoes,54.97 - 70,"Locked in and ready for takeoff, the UA Jet is all about performance. The soft cushioning you need, while the durable upper looks great on and off the court., Mixed-material upper for enhanced durability, breathability & support where you need it,Plush foam sockliner for increased underfoot comfort,Cushioned EVA midsole delivers a lightweight & responsive feel underfoot​,Durable rubber outsole uses anatomical traction pattern for superior grip & flexibility,Regular,Style #: 3026636,Lace type: Standard tie,Imported,Machine wash warm with similar colors,Use only non-chlorine bleach when needed,Tumble dry medium,Do not iron",https://www.underarmour.ca/en-ca/p/basketball/pre-school_ua_jet_23_basketball_shoes/3026636.html?dwvar_3026636_color=100
Boys' Grade School UA Scramjet 6 Running Shoes,90,"These running shoes were inspired by jets—they're all about giving you thrust and propulsion when you run., Lightweight, breathable mesh upper,Plush sockliner maintains it's shape for all-day comfort,One-piece EVA midsole turns cushioned landings into explosive takeoffs,Strategically placed rubber pods beneath the heel & forefoot for greater durability with less weight,Regular,Style #: 3027691,Lace type: Standard tie,Imported",https://www.underarmour.ca/en-ca/p/running_and_training/boys_grade_school_ua_scramjet_6_running_shoes/3027691.html?dwvar_3027691_color=001
Pre-School UA Jet '23 Basketball Shoes,54.97 - 70,"Locked in and ready for takeoff, the UA Jet is all about performance. The soft cushioning you need, while the durable upper looks great on and off the court., Mixed-material upper for enhanced durability, breathability & support where you need it,Plush foam sockliner for increased underfoot comfort,Cushioned EVA midsole delivers a lightweight & responsive feel underfoot​,Durable rubber outsole uses anatomical traction pattern for superior grip & flexibility,Regular,Style #: 3026636,Lace type: Standard tie,Imported,Machine wash warm with similar colors,Use only non-chlorine bleach when needed,Tumble dry medium,Do not iron",https://www.underarmour.ca/en-ca/p/basketball/pre-school_ua_jet_23_basketball_shoes/3026636.html?dwvar_3026636_color=400
Boys' Grade School UA Surge 4 Running Shoes,63.97 - 70,"These shoes are going to feel cushioned and comfortable, but also light and breathable. Why? Because when you never slow down, that's what you need., Lightweight, breathable mesh upper with synthetic overlays for added durability & support,TPU heel overlay for added durability & support,Enhanced cushioning around ankle collar for superior comfort,Full-length EVA sockliner for added comfort & a custom fit,Cushioned EVA midsole delivers a lightweight & responsive ride,Durable outsole with slightly raised rubber knobs for added grip & traction,Regular,Style #: 3027103,Lace type: Standard tie,Imported",https://www.underarmour.ca/en-ca/p/running_and_training/boys_grade_school_ua_surge_4_running_shoes/3027103.html?dwvar_3027103_color=004
Boys' Grade School UA Scramjet 6 Running Shoes,90,"These running shoes were inspired by jets—they're all about giving you thrust and propulsion when you run., Lightweight, breathable mesh upper,Plush sockliner maintains it's shape for all-day comfort,One-piece EVA midsole turns cushioned landings into explosive takeoffs,Strategically placed rubber pods beneath the heel & forefoot for greater durability with less weight,Regular,Style #: 3027691,Lace type: Standard tie,Imported",https://www.underarmour.ca/en-ca/p/running_and_training/boys_grade_school_ua_scramjet_6_running_shoes/3027691.html?dwvar_3027691_color=100
Boys' Grade School UA Surge 4 Running Shoes,63.97 - 70,"These shoes are going to feel cushioned and comfortable, but also light and breathable. Why? Because when you never slow down, that's what you need., Lightweight, breathable mesh upper with synthetic overlays for added durability & support,TPU heel overlay for added durability & support,Enhanced cushioning around ankle collar for superior comfort,Full-length EVA sockliner for added comfort & a custom fit,Cushioned EVA midsole delivers a lightweight & responsive ride,Durable outsole with slightly raised rubber knobs for added grip & traction,Regular,Style #: 3027103,Lace type: Standard tie,Imported",https://www.underarmour.ca/en-ca/p/running_and_training/boys_grade_school_ua_surge_4_running_shoes/3027103.html?dwvar_3027103_color=300
Boys' Grade School UA Surge 4 Running Shoes,63.97 - 70,"These shoes are going to feel cushioned and comfortable, but also light and breathable. Why? Because when you never slow down, that's what you need., Lightweight, breathable mesh upper with synthetic overlays for added durability & support,TPU heel overlay for added durability & support,Enhanced cushioning around ankle collar for superior comfort,Full-length EVA sockliner for added comfort & a custom fit,Cushioned EVA midsole delivers a lightweight & responsive ride,Durable outsole with slightly raised rubber knobs for added grip & traction,Regular,Style #: 3027103,Lace type: Standard tie,Imported",https://www.underarmour.ca/en-ca/p/running_and_training/boys_grade_school_ua_surge_4_running_shoes/3027103.html?dwvar_3027103_color=003
Boys' Grade School UA Surge 4 Running Shoes,63.97 - 70,"These shoes are going to feel cushioned and comfortable, but also light and breathable. Why? Because when you never slow down, that's what you need., Lightweight, breathable mesh upper with synthetic overlays for added durability & support,TPU heel overlay for added durability & support,Enhanced cushioning around ankle collar for superior comfort,Full-length EVA sockliner for added comfort & a custom fit,Cushioned EVA midsole delivers a lightweight & responsive ride,Durable outsole with slightly raised rubber knobs for added grip & traction,Regular,Style #: 3027103,Lace type: Standard tie,Imported",https://www.underarmour.ca/en-ca/p/running_and_training/boys_grade_school_ua_surge_4_running_shoes/3027103.html?dwvar_3027103_color=001
Boys' Grade School UA Surge 4 Running Shoes,63.97 - 70,"These shoes are going to feel cushioned and comfortable, but also light and breathable. Why? Because when you never slow down, that's what you need., Lightweight, breathable mesh upper with synthetic overlays for added durability & support,TPU heel overlay for added durability & support,Enhanced cushioning around ankle collar for superior comfort,Full-length EVA sockliner for added comfort & a custom fit,Cushioned EVA midsole delivers a lightweight & responsive ride,Durable outsole with slightly raised rubber knobs for added grip & traction,Regular,Style #: 3027103,Lace type: Standard tie,Imported",https://www.underarmour.ca/en-ca/p/running_and_training/boys_grade_school_ua_surge_4_running_shoes/3027103.html?dwvar_3027103_color=002
Grade School UA Phantom 4 Running Shoes,125,"With the comfort and durability of a technical performance shoe plus the clean look and feel of a street sneaker, UA Phantom 4 is the ultimate outfit finisher., Molded, soft & structured material for comfort inside & out,Knit collar for a sock-like fit & feel & exceptional step-in comfort,Sleek TPU heel counter & heel pull for easy on/off,Plush, molded sockliner for enhanced comfort,Extra-springy UA HOVR™+ cushioning reduces impact, returns energy & helps propel you forward,Rubber outsole for added traction & durability,Regular,Style #: 3027709,Lace type: Standard tie,Imported",https://www.underarmour.ca/en-ca/p/sportswear/grade_school_ua_phantom_4_running_shoes/3027709.html?dwvar_3027709_color=400
Grade School UA Phantom 4 Running Shoes,125,"With the comfort and durability of a technical performance shoe plus the clean look and feel of a street sneaker, UA Phantom 4 is the ultimate outfit finisher., Molded, soft & structured material for comfort inside & out,Knit collar for a sock-like fit & feel & exceptional step-in comfort,Sleek TPU heel counter & heel pull for easy on/off,Plush, molded sockliner for enhanced comfort,Extra-springy UA HOVR™+ cushioning reduces impact, returns energy & helps propel you forward,Rubber outsole for added traction & durability,Regular,Style #: 3027709,Lace type: Standard tie,Imported",https://www.underarmour.ca/en-ca/p/sportswear/grade_school_ua_phantom_4_running_shoes/3027709.html?dwvar_3027709_color=001
Grade School UA SlipSpeed™ Training Shoes,100,"These are the most versatile training shoes we've ever made. They feel great, feel cool, cushion better, fit perfectly, handle your toughest training, AND have a heel that converts easily from recover mode to train mode., UA FLOW CUSHIONING: Unmatched comfort, ground contact & traction—no squeaks,BREATHABLE UPPER: Reinforced supportive material with engineered venting,BOA FIT SYSTEM: A personalized fit, one click at a time, with a 12-point lockdown system,ISO-CHILL PADDED INTERIOR: Heel to toe interior foam padding with cool-to-the-touch Iso-Chill technology,MACHINE WASHABLE: We made it easy—put them in the wash to keep them fresh & clean*,CONVERTIBLE HEEL: Go from train mode to recover mode,*Laundry bag not included,Regular,Style #: 3028566,Lace type: BOA™,Imported",https://www.underarmour.ca/en-ca/p/running_and_training/grade_school_ua_slipspeed_training_shoes/3028566.html?dwvar_3028566_color=104
Grade School UA SlipSpeed™ Training Shoes,100,"These are the most versatile training shoes we've ever made. They feel great, feel cool, cushion better, fit perfectly, handle your toughest training, AND have a heel that converts easily from recover mode to train mode., UA FLOW CUSHIONING: Unmatched comfort, ground contact & traction—no squeaks,BREATHABLE UPPER: Reinforced supportive material with engineered venting,BOA FIT SYSTEM: A personalized fit, one click at a time, with a 12-point lockdown system,ISO-CHILL PADDED INTERIOR: Heel to toe interior foam padding with cool-to-the-touch Iso-Chill technology,MACHINE WASHABLE: We made it easy—put them in the wash to keep them fresh & clean*,CONVERTIBLE HEEL: Go from train mode to recover mode,*Laundry bag not included,Regular,Style #: 3028566,Lace type: BOA™,Imported",https://www.underarmour.ca/en-ca/p/running_and_training/grade_school_ua_slipspeed_training_shoes/3028566.html?dwvar_3028566_color=100
Grade School UA SlipSpeed™ Training Shoes,100,"These are the most versatile training shoes we've ever made. They feel great, feel cool, cushion better, fit perfectly, handle your toughest training, AND have a heel that converts easily from recover mode to train mode., UA FLOW CUSHIONING: Unmatched comfort, ground contact & traction—no squeaks,BREATHABLE UPPER: Reinforced supportive material with engineered venting,BOA FIT SYSTEM: A personalized fit, one click at a time, with a 12-point lockdown system,ISO-CHILL PADDED INTERIOR: Heel to toe interior foam padding with cool-to-the-touch Iso-Chill technology,MACHINE WASHABLE: We made it easy—put them in the wash to keep them fresh & clean*,CONVERTIBLE HEEL: Go from train mode to recover mode,*Laundry bag not included,Regular,Style #: 3028566,Lace type: BOA™,Imported",https://www.underarmour.ca/en-ca/p/running_and_training/grade_school_ua_slipspeed_training_shoes/3028566.html?dwvar_3028566_color=102
Boys' Pre-School UA Assert 10 AC Wide Running Shoes,70,"Your ultimate lightweight, do-everything shoes—with soft cushioning for a smooth ride and synthetic overlays for more support., Lightweight, breathable mesh upper with synthetic overlays for added durability & support,Hook & loop strap for easy on & off,EVA sockliner provides soft, step-in comfort,One-piece EVA midsole turns cushioned landings into explosive takeoffs,Lightweight, durable outsole,Wide,Style #: 3026186,Lace type: Standard tie with hook & loop strap,Imported,Wide Sizing built to better fit athletes with wide feet",https://www.underarmour.ca/en-ca/p/running_and_training/boys_pre-school_ua_assert_10_ac_wide_running_shoes/3026186.html?dwvar_3026186_color=400
Boys' Grade School UA Charged Pursuit 3 Running Shoes,54.97 - 75,"Light and flexible is the name of the game here. A lot of mesh for breathability and Charged Cushioning® to help protect against impact. Just put them on and run for miles., Lightweight mesh upper delivers complete breathability,Foam padding placed around your ankle collar & under the tongue for an incredibly comfortable fit & feel,Charged Cushioning® midsole is firmer in the heel & softer in the forefoot for support & comfort,Tire inspired outsole pattern provides ultimate flex & superior traction,Regular,Style #: 3024987,Lace type: Standard tie,Imported,Wash garment inside out,Machine wash cold with like colors,Use only non-chlorine bleach when needed,Tumble dry low,Do not iron,Do not use softeners,Do not dry clean",https://www.underarmour.ca/en-ca/p/running_and_training/boys_grade_school_ua_charged_pursuit_3_running_shoes/3024987.html?dwvar_3024987_color=001
Boys' UA Ignite Pro Slides,33.97 - 40,"The memory foam not only feels great, but also helps eliminate pressure on your feet after you work out., Adjustable synthetic strap with soft foam lining for added comfort & perforations for breathability,Textured foam footbed for unprecedented comfort,EVA outsole built with durable traction pods in heel for lightweight cushioning & comfort,Regular,Style #: 3026036,Imported",https://www.underarmour.ca/en-ca/p/sandals_and_slides/boys_ua_ignite_pro_slides/3026036.html?dwvar_3026036_color=102
Boys' UA Ignite Pro Slides,33.97 - 40,"The memory foam not only feels great, but also helps eliminate pressure on your feet after you work out., Adjustable synthetic strap with soft foam lining for added comfort & perforations for breathability,Textured foam footbed for unprecedented comfort,EVA outsole built with durable traction pods in heel for lightweight cushioning & comfort,Regular,Style #: 3026036,Imported",https://www.underarmour.ca/en-ca/p/sandals_and_slides/boys_ua_ignite_pro_slides/3026036.html?dwvar_3026036_color=400
Boys' Grade School UA Charged Pursuit 3 Running Shoes,54.97 - 75,"Light and flexible is the name of the game here. A lot of mesh for breathability and Charged Cushioning® to help protect against impact. Just put them on and run for miles., Lightweight mesh upper delivers complete breathability,Foam padding placed around your ankle collar & under the tongue for an incredibly comfortable fit & feel,Charged Cushioning® midsole is firmer in the heel & softer in the forefoot for support & comfort,Tire inspired outsole pattern provides ultimate flex & superior traction,Regular,Style #: 3024987,Lace type: Standard tie,Imported,Wash garment inside out,Machine wash cold with like colors,Use only non-chlorine bleach when needed,Tumble dry low,Do not iron,Do not use softeners,Do not dry clean",https://www.underarmour.ca/en-ca/p/running_and_training/boys_grade_school_ua_charged_pursuit_3_running_shoes/3024987.html?dwvar_3024987_color=102
Boys' Grade School UA Charged Pursuit 3 Running Shoes,54.97 - 75,"Light and flexible is the name of the game here. A lot of mesh for breathability and Charged Cushioning® to help protect against impact. Just put them on and run for miles., Lightweight mesh upper delivers complete breathability,Foam padding placed around your ankle collar & under the tongue for an incredibly comfortable fit & feel,Charged Cushioning® midsole is firmer in the heel & softer in the forefoot for support & comfort,Tire inspired outsole pattern provides ultimate flex & superior traction,Regular,Style #: 3024987,Lace type: Standard tie,Imported,Wash garment inside out,Machine wash cold with like colors,Use only non-chlorine bleach when needed,Tumble dry low,Do not iron,Do not use softeners,Do not dry clean",https://www.underarmour.ca/en-ca/p/running_and_training/boys_grade_school_ua_charged_pursuit_3_running_shoes/3024987.html?dwvar_3024987_color=401
Boys' UA Ignite Pro Slides,33.97 - 40,"The memory foam not only feels great, but also helps eliminate pressure on your feet after you work out., Adjustable synthetic strap with soft foam lining for added comfort & perforations for breathability,Textured foam footbed for unprecedented comfort,EVA outsole built with durable traction pods in heel for lightweight cushioning & comfort,Regular,Style #: 3026036,Imported",https://www.underarmour.ca/en-ca/p/sandals_and_slides/boys_ua_ignite_pro_slides/3026036.html?dwvar_3026036_color=101
Boys' Grade School UA Assert 10 Uniform Synthetic Running Shoes,75,"Your ultimate lightweight, do-everything shoes—with soft cushioning for a smooth ride and synthetic overlays for more support., Lightweight synthetic upper is breathable & super-durable,EVA sockliner provides soft, step-in comfort,One-piece EVA midsole turns cushioned landings into explosive takeoffs,Solid rubber outsole covers high impact zones for greater durability with less weight,Regular,Style #: 3027099,Lace type: Standard tie,Imported,Machine wash cold with like colors,Use only non-chlorine bleach when needed,Tumble dry low,Do not iron,Do not use softeners,Do not dry clean",https://www.underarmour.ca/en-ca/p/running_and_training/boys_grade_school_ua_assert_10_uniform_synthetic_running_shoes/3027099.html?dwvar_3027099_color=001
Boys' Grade School UA Charged Pursuit 3 Running Shoes,54.97 - 75,"Light and flexible is the name of the game here. A lot of mesh for breathability and Charged Cushioning® to help protect against impact. Just put them on and run for miles., Lightweight mesh upper delivers complete breathability,Foam padding placed around your ankle collar & under the tongue for an incredibly comfortable fit & feel,Charged Cushioning® midsole is firmer in the heel & softer in the forefoot for support & comfort,Tire inspired outsole pattern provides ultimate flex & superior traction,Regular,Style #: 3024987,Lace type: Standard tie,Imported,Wash garment inside out,Machine wash cold with like colors,Use only non-chlorine bleach when needed,Tumble dry low,Do not iron,Do not use softeners,Do not dry clean",https://www.underarmour.ca/en-ca/p/running_and_training/boys_grade_school_ua_charged_pursuit_3_running_shoes/3024987.html?dwvar_3024987_color=403
Boys' UA Ignite Pro Slides,33.97 - 40,"The memory foam not only feels great, but also helps eliminate pressure on your feet after you work out., Adjustable synthetic strap with soft foam lining for added comfort & perforations for breathability,Textured foam footbed for unprecedented comfort,EVA outsole built with durable traction pods in heel for lightweight cushioning & comfort,Regular,Style #: 3026036,Imported",https://www.underarmour.ca/en-ca/p/sandals_and_slides/boys_ua_ignite_pro_slides/3026036.html?dwvar_3026036_color=600
Boys' UA Ignite Pro Slides,33.97 - 40,"The memory foam not only feels great, but also helps eliminate pressure on your feet after you work out., Adjustable synthetic strap with soft foam lining for added comfort & perforations for breathability,Textured foam footbed for unprecedented comfort,EVA outsole built with durable traction pods in heel for lightweight cushioning & comfort,Regular,Style #: 3026036,Imported",https://www.underarmour.ca/en-ca/p/sandals_and_slides/boys_ua_ignite_pro_slides/3026036.html?dwvar_3026036_color=001
Boys' Grade School UA Flash Printed Running Shoes,70,"Just slip them on and go. The adjustable strap gives you a secure fit and the soft cushioning is light and comfortable., Lightweight, breathable upper with adjustable strap for a secure fit,Slip-on design for easy on/off,Toe cap for added durability where you need it most,EVA sockliner provides soft, step-in comfort,Cushioned EVA midsole for lightweight comfort & flexibility,Lightweight, durable outsole,Regular,Style #: 3027171,Imported,Wash garment inside out,Machine wash cold with like colors,Use only non-chlorine bleach if needed,Tumble dry low,Do not iron,Do not use softeners,Do not dry clean",https://www.underarmour.ca/en-ca/p/running_and_training/boys_grade_school_ua_flash_printed_running_shoes/3027171.html?dwvar_3027171_color=001
Boys' Grade School UA Rogue 4 Running Shoes,66.97 - 85,"We paired lightweight, breathable mesh with our Charged Cushioning® midsole for amazing responsiveness, maximum impact absorption, and a snappy feel that keeps you running and running., Engineered mesh upper is lightweight & breathable,External heel counter for increased stability,Plush sockliner maintains it's shape for all-day comfort,Dual density Charged Cushioning® midsole for the ultimate blend of comfort & explosive energy return,Solid rubber outsole with strategically placed pods for added durability in high-abrasion areas​,Regular,Style #: 3027106,Lace type: Standard tie,Imported",https://www.underarmour.ca/en-ca/p/running_and_training/boys_grade_school_ua_rogue_4_running_shoes/3027106.html?dwvar_3027106_color=100
Boys' Grade School UA Rogue 4 Running Shoes,66.97 - 85,"We paired lightweight, breathable mesh with our Charged Cushioning® midsole for amazing responsiveness, maximum impact absorption, and a snappy feel that keeps you running and running., Engineered mesh upper is lightweight & breathable,External heel counter for increased stability,Plush sockliner maintains it's shape for all-day comfort,Dual density Charged Cushioning® midsole for the ultimate blend of comfort & explosive energy return,Solid rubber outsole with strategically placed pods for added durability in high-abrasion areas​,Regular,Style #: 3027106,Lace type: Standard tie,Imported",https://www.underarmour.ca/en-ca/p/running_and_training/boys_grade_school_ua_rogue_4_running_shoes/3027106.html?dwvar_3027106_color=400
Boys' Grade School UA Rogue 4 Running Shoes,66.97 - 85,"We paired lightweight, breathable mesh with our Charged Cushioning® midsole for amazing responsiveness, maximum impact absorption, and a snappy feel that keeps you running and running., Engineered mesh upper is lightweight & breathable,External heel counter for increased stability,Plush sockliner maintains it's shape for all-day comfort,Dual density Charged Cushioning® midsole for the ultimate blend of comfort & explosive energy return,Solid rubber outsole with strategically placed pods for added durability in high-abrasion areas​,Regular,Style #: 3027106,Lace type: Standard tie,Imported",https://www.underarmour.ca/en-ca/p/running_and_training/boys_grade_school_ua_rogue_4_running_shoes/3027106.html?dwvar_3027106_color=003
Boys' Grade School UA Rogue 4 Running Shoes,66.97 - 85,"We paired lightweight, breathable mesh with our Charged Cushioning® midsole for amazing responsiveness, maximum impact absorption, and a snappy feel that keeps you running and running., Engineered mesh upper is lightweight & breathable,External heel counter for increased stability,Plush sockliner maintains it's shape for all-day comfort,Dual density Charged Cushioning® midsole for the ultimate blend of comfort & explosive energy return,Solid rubber outsole with strategically placed pods for added durability in high-abrasion areas​,Regular,Style #: 3027106,Lace type: Standard tie,Imported",https://www.underarmour.ca/en-ca/p/running_and_training/boys_grade_school_ua_rogue_4_running_shoes/3027106.html?dwvar_3027106_color=300
Boys' UA Spotlight Franchise 3.0 RM Jr. Football Cleats,65,"The UA Spotlight was built for players with moves on top of moves. It was designed to help you start, stop, and cut quicker so you can leave your opponents in the rearview mirror., Engineered synthetic upper with screen-print graphic for added durability & structure,Soft synthetic collar for added comfort & lockdown around the ankle,5/8 height for the perfect blend of speed & support,Full-length EVA midsole for underfoot cushion & comfort,Rubber molded cleats provide aggressive traction & durability on all field surfaces,Regular,Style #: 3026344,Imported",https://www.underarmour.ca/en-ca/p/football/boys_ua_spotlight_franchise_3.0_rm_jr._football_cleats/3026344.html?dwvar_3026344_color=100
Boys' Pre-School UA Flash Printed Running Shoes,65,"Just slip them on and go. The adjustable strap gives you a secure fit and the soft cushioning is light and comfortable., Lightweight, breathable upper with adjustable strap for a secure fit,Slip-on design for easy on/off,Toe cap for added durability where you need it most,EVA sockliner provides soft, step-in comfort,Cushioned EVA midsole for lightweight comfort & flexibility,Lightweight, durable outsole,Regular,Style #: 3027170,Imported,Machine wash cold with like colors,Do not bleach,Tumble dry low,Do not iron,Do not use softeners,Do not dry clean",https://www.underarmour.ca/en-ca/p/running_and_training/boys_pre-school_ua_flash_printed_running_shoes/3027170.html?dwvar_3027170_color=001
Boys' Grade School UA Charged Pursuit 3 Big Logo Running Shoes,58.97 - 75,"Light and flexible is the name of the game here. A lot of mesh for breathability and Charged Cushioning® to help protect against impact. Just put them on and run for miles., Lightweight mesh upper delivers complete breathability,Foam padding placed around your ankle collar & under the tongue for an incredibly comfortable fit & feel,Dual density Charged Cushioning® midsole for the ultimate blend of comfort & explosive energy return,Tire inspired outsole pattern provides ultimate flex & superior traction,Regular,Style #: 3026695,Lace type: Standard tie,Imported,Machine wash cold with like colors,Use only non-chlorine bleach when needed,Tumble dry low,Do not iron,Do not use softeners,Do not dry clean",https://www.underarmour.ca/en-ca/p/running_and_training/boys_grade_school_ua_charged_pursuit_3_big_logo_running_shoes/3026695.html?dwvar_3026695_color=001
Boys' Pre-School UA Surge 2 AC Fade Running Shoes,70,"These shoes are going to feel cushioned and comfortable, but also light and breathable. Why? Because when you never slow down, that's what you need., Lightweight, breathable mesh upper delivers increased ventilation,TPU heel cap for added durability & support,Enhanced cushioning around ankle collar for superior comfort,Adjustable hook & loop  closure for easy on & off,Full-length EVA sockliner for added comfort & a custom fit,Cushioned EVA midsole delivers a lightweight & responsive ride,Aggressive outsole traction pattern with slightly raised rubber knobs for added grip,Regular,Style #: 3023978,Imported",https://www.underarmour.ca/en-ca/p/running_and_training/boys_pre-school_ua_surge_2_ac_fade_running_shoes/3023978.html?dwvar_3023978_color=001
Boys' Grade School UA Charged Pursuit 3 Big Logo Running Shoes,58.97 - 75,"Light and flexible is the name of the game here. A lot of mesh for breathability and Charged Cushioning® to help protect against impact. Just put them on and run for miles., Lightweight mesh upper delivers complete breathability,Foam padding placed around your ankle collar & under the tongue for an incredibly comfortable fit & feel,Dual density Charged Cushioning® midsole for the ultimate blend of comfort & explosive energy return,Tire inspired outsole pattern provides ultimate flex & superior traction,Regular,Style #: 3026695,Lace type: Standard tie,Imported,Machine wash cold with like colors,Use only non-chlorine bleach when needed,Tumble dry low,Do not iron,Do not use softeners,Do not dry clean",https://www.underarmour.ca/en-ca/p/running_and_training/boys_grade_school_ua_charged_pursuit_3_big_logo_running_shoes/3026695.html?dwvar_3026695_color=400
Boys' UA Blur Select MC Jr. Football Cleats,90,"Inspired by track spikes, the UA Blur is one of the fastest cleats on the field. It's unique build and flexible design helps you find that extra gear, so you can dominate every inch of the field., Low-top with light textile upper & suede-like comfort for superior stability & breathability,More secure heel pocket for added comfort & lockdown,Die-cut EVA sockliner for excellent comfort & durability under the foot,Track spike-inspired plate with propulsion spine & aggressive perimeter traction for ultimate speed,Regular,Style #: 3027976,Imported",https://www.underarmour.ca/en-ca/p/football/boys_ua_blur_select_mc_jr._football_cleats/3027976.html?dwvar_3027976_color=600
Boys' UA Blur Select MC Jr. Football Cleats,90,"Inspired by track spikes, the UA Blur is one of the fastest cleats on the field. It's unique build and flexible design helps you find that extra gear, so you can dominate every inch of the field., Low-top with light textile upper & suede-like comfort for superior stability & breathability,More secure heel pocket for added comfort & lockdown,Die-cut EVA sockliner for excellent comfort & durability under the foot,Track spike-inspired plate with propulsion spine & aggressive perimeter traction for ultimate speed,Regular,Style #: 3027976,Imported",https://www.underarmour.ca/en-ca/p/football/boys_ua_blur_select_mc_jr._football_cleats/3027976.html?dwvar_3027976_color=400
Boys' UA Blur Select MC Jr. Football Cleats,90,"Inspired by track spikes, the UA Blur is one of the fastest cleats on the field. It's unique build and flexible design helps you find that extra gear, so you can dominate every inch of the field., Low-top with light textile upper & suede-like comfort for superior stability & breathability,More secure heel pocket for added comfort & lockdown,Die-cut EVA sockliner for excellent comfort & durability under the foot,Track spike-inspired plate with propulsion spine & aggressive perimeter traction for ultimate speed,Regular,Style #: 3027976,Imported",https://www.underarmour.ca/en-ca/p/football/boys_ua_blur_select_mc_jr._football_cleats/3027976.html?dwvar_3027976_color=001
Grade School Curry 12 'Gravity' Basketball Shoes,125,"You're in his orbit. Stephen is a force—pulling his team together and disrupting defenses. Curry 12 'Gravity' defies physics with UA Flow's anti-gravity grip and an explosion of high-vis color., Breathable engineered mesh upper with durable overlays for comfort & control through dynamic movements,Molded tongue for ultimate comfort,External 3D-molded TPU heel counter for enhanced fit & support,EVA midsole delivers a lightweight & responsive ride,Rubber outsole for durability & traction on the court,Regular,Style #: 3027645,Lace type: Standard tie,Imported",https://www.underarmour.ca/en-ca/p/curry_brand_shoes_and_gear/grade_school_curry_12_gravity_basketball_shoes/3027645.html?dwvar_3027645_color=100
Grade School Curry 3Z 24 Suede Basketball Shoes,95,"These are the shoes you're going to go back to again and again, all season long. A durable rubber outsole, leather overlays, and lock-down webbed lacing make them tough enough to keep up with every cut, drag, and drive., Durable suede upper with mesh inserts provides the perfect combination of comfort & performance,Internal midfoot shank adds stability to every move,UA Micro G® midsole provides a responsive feel underfoot & complete control on the court,Durable rubber outsole uses anatomical traction pattern for superior grip & flexibility,Regular,Style #: 3028401,Lace type: Standard tie,Imported",https://www.underarmour.ca/en-ca/p/curry_brand_shoes_and_gear/grade_school_curry_3z_24_suede_basketball_shoes/3028401.html?dwvar_3028401_color=100
Boys' UA Yard Turf Jr. 3.0 Baseball Cleats,80,"This shoe is an all-purpose performer, built for everything baseball players do. It was created to help you go from the weight room, to the batting cages, to the field—all without missing a beat., Synthetic upper is light, breathable & super-durable,Full-length EVA midsole for underfoot cushion & comfort,New durable rubber outsole with increased lug height for improved grip & traction,Regular,Style #: 3027456,Imported",https://www.underarmour.ca/en-ca/p/boys_ua_yard_turf_jr._3.0_baseball_cleats/3027456.html?dwvar_3027456_color=001
Boys' UA Ignite Select Slides,28.97 - 33,"The memory foam not only feels great, but also helps eliminate pressure on your feet after you work out., Fixed strap with rolled edges & added foam underneath for an extra comfortable fit,Drop-in EVA footbed provides underfoot cushioning,Raised sidewalls for added stability,EVA outsole delivers great durability & traction,Regular,Style #: 3027225,Imported",https://www.underarmour.ca/en-ca/p/sportswear/boys_ua_ignite_select_slides/3027225.html?dwvar_3027225_color=800
Boys' UA Ignite Select Slides,28.97 - 33,"The memory foam not only feels great, but also helps eliminate pressure on your feet after you work out., Fixed strap with rolled edges & added foam underneath for an extra comfortable fit,Drop-in EVA footbed provides underfoot cushioning,Raised sidewalls for added stability,EVA outsole delivers great durability & traction,Regular,Style #: 3027225,Imported",https://www.underarmour.ca/en-ca/p/sportswear/boys_ua_ignite_select_slides/3027225.html?dwvar_3027225_color=101
Boys' UA Ignite Select Slides,28.97 - 33,"The memory foam not only feels great, but also helps eliminate pressure on your feet after you work out., Fixed strap with rolled edges & added foam underneath for an extra comfortable fit,Drop-in EVA footbed provides underfoot cushioning,Raised sidewalls for added stability,EVA outsole delivers great durability & traction,Regular,Style #: 3027225,Imported",https://www.underarmour.ca/en-ca/p/sportswear/boys_ua_ignite_select_slides/3027225.html?dwvar_3027225_color=100
Boys' UA Ignite Select Slides,28.97 - 33,"The memory foam not only feels great, but also helps eliminate pressure on your feet after you work out., Fixed strap with rolled edges & added foam underneath for an extra comfortable fit,Drop-in EVA footbed provides underfoot cushioning,Raised sidewalls for added stability,EVA outsole delivers great durability & traction,Regular,Style #: 3027225,Imported",https://www.underarmour.ca/en-ca/p/sportswear/boys_ua_ignite_select_slides/3027225.html?dwvar_3027225_color=001
Boys' Grade School UA Assert 10 Wide Running Shoes,75,"Your ultimate lightweight, do-everything shoes—with soft cushioning for a smooth ride and synthetic overlays for more support., Lightweight, breathable mesh upper with synthetic overlays for added durability & support,EVA sockliner provides soft, step-in comfort,One-piece EVA midsole turns cushioned landings into explosive takeoffs,Solid rubber outsole covers high impact zones for greater durability with less weight,Wide,Style #: 3026185,Lace type: Standard tie,Imported,Wide Sizing built to better fit athletes with wide feet",https://www.underarmour.ca/en-ca/p/running_and_training/boys_grade_school_ua_assert_10_wide_running_shoes/3026185.html?dwvar_3026185_color=400
Boys' Grade School UA Assert 10 Wide Running Shoes,75,"Your ultimate lightweight, do-everything shoes—with soft cushioning for a smooth ride and synthetic overlays for more support., Lightweight, breathable mesh upper with synthetic overlays for added durability & support,EVA sockliner provides soft, step-in comfort,One-piece EVA midsole turns cushioned landings into explosive takeoffs,Solid rubber outsole covers high impact zones for greater durability with less weight,Wide,Style #: 3026185,Lace type: Standard tie,Imported,Wide Sizing built to better fit athletes with wide feet",https://www.underarmour.ca/en-ca/p/running_and_training/boys_grade_school_ua_assert_10_wide_running_shoes/3026185.html?dwvar_3026185_color=001
Boys' Pre-School UA Rogue 4 AL Running Shoes,73.97 - 80,"We paired lightweight, breathable mesh with our Charged Cushioning® midsole for amazing responsiveness, maximum impact absorption, and a snappy feel that keeps you running and running., Lightweight, breathable mesh upper,External heel counter for increased stability,Stretch bungee laces for ease of entry, built to slip the shoe on & off,Plush sockliner maintains it's shape for all-day comfort,Full-length cushioned EVA midsole delivers the ultimate lightweight & responsive ride,Lightweight, durable outsole,Regular,Style #: 3027107,Lace type: Stretch elastic,Imported",https://www.underarmour.ca/en-ca/p/running_and_training/boys_pre-school_ua_rogue_4_al_running_shoes/3027107.html?dwvar_3027107_color=300
Boys' Infant UA Flash Running Shoes,50,"Just slip them on and go. The adjustable strap gives you a secure fit and the soft cushioning is light and comfortable., Lightweight, breathable upper with adjustable strap for a secure fit,Slip-on design for easy on/off,Toe cap for added durability where you need it most,EVA sockliner provides soft, step-in comfort,Cushioned EVA midsole for lightweight comfort & flexibility,Lightweight, durable outsole,Regular,Style #: 3026705,Imported,Wash garment inside out,Machine wash cold with like colors,Do not bleach,Tumble dry low,Do not iron,Do not use softeners,Do not dry clean",https://www.underarmour.ca/en-ca/p/running_and_training/boys_infant_ua_flash_running_shoes/3026705.html?dwvar_3026705_color=001
Boys' Infant UA Flash Running Shoes,50,"Just slip them on and go. The adjustable strap gives you a secure fit and the soft cushioning is light and comfortable., Lightweight, breathable upper with adjustable strap for a secure fit,Slip-on design for easy on/off,Toe cap for added durability where you need it most,EVA sockliner provides soft, step-in comfort,Cushioned EVA midsole for lightweight comfort & flexibility,Lightweight, durable outsole,Regular,Style #: 3026705,Imported,Wash garment inside out,Machine wash cold with like colors,Do not bleach,Tumble dry low,Do not iron,Do not use softeners,Do not dry clean",https://www.underarmour.ca/en-ca/p/running_and_training/boys_infant_ua_flash_running_shoes/3026705.html?dwvar_3026705_color=100
Boys' Pre-School UA Rogue 4 AL Running Shoes,73.97 - 80,"We paired lightweight, breathable mesh with our Charged Cushioning® midsole for amazing responsiveness, maximum impact absorption, and a snappy feel that keeps you running and running., Lightweight, breathable mesh upper,External heel counter for increased stability,Stretch bungee laces for ease of entry, built to slip the shoe on & off,Plush sockliner maintains it's shape for all-day comfort,Full-length cushioned EVA midsole delivers the ultimate lightweight & responsive ride,Lightweight, durable outsole,Regular,Style #: 3027107,Lace type: Stretch elastic,Imported",https://www.underarmour.ca/en-ca/p/running_and_training/boys_pre-school_ua_rogue_4_al_running_shoes/3027107.html?dwvar_3027107_color=001
Boys' Pre-School UA Rogue 4 AL Running Shoes,73.97 - 80,"We paired lightweight, breathable mesh with our Charged Cushioning® midsole for amazing responsiveness, maximum impact absorption, and a snappy feel that keeps you running and running., Lightweight, breathable mesh upper,External heel counter for increased stability,Stretch bungee laces for ease of entry, built to slip the shoe on & off,Plush sockliner maintains it's shape for all-day comfort,Full-length cushioned EVA midsole delivers the ultimate lightweight & responsive ride,Lightweight, durable outsole,Regular,Style #: 3027107,Lace type: Stretch elastic,Imported",https://www.underarmour.ca/en-ca/p/running_and_training/boys_pre-school_ua_rogue_4_al_running_shoes/3027107.html?dwvar_3027107_color=003
Boys' UA Leadoff Mid RM 3.0 Jr. Baseball Cleats,45,"Step up to the plate in the most comfortable cleats in the ballpark. They've got a soft, padded collar, the right amount of cushioning, and cleats that give you optimum traction without any underfoot pressure., Synthetic upper is lightweight & durable,Padded collar & heel construction for ultimate step-in comfort,Mid-top design for added ankle support,Full-length EVA midsole cushioning that evenly distributes cleat pressure underfoot for added comfort,Rubber molded cleats provide optimal traction & durability on all field surfaces,Regular,Style #: 3027454,Imported",https://www.underarmour.ca/en-ca/p/baseball/boys_ua_leadoff_mid_rm_3.0_jr._baseball_cleats/3027454.html?dwvar_3027454_color=001
Boys' Pre-School UA Outhustle 2 AL Running Shoes,65,"Built to go all out—in the gym, on the playground, on the turf. They're super cushiony, lightweight, and durable., Breathable mesh upper with molded leather overlays for added durability,Stretch bungee laces for easy on/off & a secure fit,EVA sockliner provides soft, step-in comfort,One-piece EVA midsole turns cushioned landings into explosive takeoffs,Lightweight, durable outsole,Regular,Style #: 3026698,Lace type: Stretch elastic,Imported",https://www.underarmour.ca/en-ca/p/running_and_training/boys_pre-school_ua_outhustle_2_al_running_shoes/3026698.html?dwvar_3026698_color=003
Boys' UA Harper 9 TPU Jr. Baseball Cleats,80,"Synthetic upper is light, breathable & super-durable,Strategic design for increased easy of entry,Full-length EVA midsole for underfoot cushioning & comfort,Lightweight, molded TPU cleat plate provides premium comfort & superior traction on turf & dirt,Regular,Style #: 3027453,Imported",https://www.underarmour.ca/en-ca/p/baseball/boys_ua_harper_9_tpu_jr._baseball_cleats/3027453.html?dwvar_3027453_color=001
Boys' Pre-School UA Pursuit 3 AC Big Logo Running Shoes,54.97 - 70,"You wear them all day, so we built them to stay comfortable all day, with mesh for breathability and soft-on-your-feet cushioning., Lightweight mesh upper delivers complete breathability,Foam padding placed around your ankle collar & under the tongue for an incredibly comfortable fit & feel,Adjustable hook & loop strap closure for easy on & off,EVA sockliner provides soft, step-in comfort,Cushioned EVA midsole for all-day comfort,Tire inspired outsole pattern provides ultimate flex & superior traction,Regular,Style #: 3026696,Lace type: Stretch bungee with hook & loop strap,Imported,Machine wash cold with like colors,Use only non-chlorine bleach when needed,Tumble dry low,Do not iron,Do not use softeners,Do not dry clean",https://www.underarmour.ca/en-ca/p/running_and_training/boys_pre-school_ua_pursuit_3_ac_big_logo_running_shoes/3026696.html?dwvar_3026696_color=302
Grade School UA SlipSpeed™ Training Shoes,100,"These are the most versatile training shoes we've ever made. They feel great, feel cool, cushion better, fit perfectly, handle your toughest training, AND have a heel that converts easily from recover mode to train mode., UA FLOW CUSHIONING: Unmatched comfort, ground contact & traction—no squeaks,BREATHABLE UPPER: Reinforced supportive material with engineered venting,BOA FIT SYSTEM: A personalized fit, one click at a time, with a 12-point lockdown system,ISO-CHILL PADDED INTERIOR: Heel to toe interior foam padding with cool-to-the-touch Iso-Chill technology,MACHINE WASHABLE: We made it easy—put them in the wash to keep them fresh & clean*,CONVERTIBLE HEEL: Go from train mode to recover mode,*Laundry bag not included,Regular,Style #: 3028565,Lace type: BOA™,Imported",https://www.underarmour.ca/en-ca/p/sportswear/grade_school_ua_slipspeed_training_shoes/3028565.html?dwvar_3028565_color=001
Grade School UA SlipSpeed™ Training Shoes,100,"These are the most versatile training shoes we've ever made. They feel great, feel cool, cushion better, fit perfectly, handle your toughest training, AND have a heel that converts easily from recover mode to train mode., UA FLOW CUSHIONING: Unmatched comfort, ground contact & traction—no squeaks,BREATHABLE UPPER: Reinforced supportive material with engineered venting,BOA FIT SYSTEM: A personalized fit, one click at a time, with a 12-point lockdown system,ISO-CHILL PADDED INTERIOR: Heel to toe interior foam padding with cool-to-the-touch Iso-Chill technology,MACHINE WASHABLE: We made it easy—put them in the wash to keep them fresh & clean*,CONVERTIBLE HEEL: Go from train mode to recover mode,*Laundry bag not included,Regular,Style #: 3028565,Lace type: BOA™,Imported",https://www.underarmour.ca/en-ca/p/sportswear/grade_school_ua_slipspeed_training_shoes/3028565.html?dwvar_3028565_color=401
Boys' Pre-School UA Pursuit 3 AC Big Logo Running Shoes,54.97 - 70,"You wear them all day, so we built them to stay comfortable all day, with mesh for breathability and soft-on-your-feet cushioning., Lightweight mesh upper delivers complete breathability,Foam padding placed around your ankle collar & under the tongue for an incredibly comfortable fit & feel,Adjustable hook & loop strap closure for easy on & off,EVA sockliner provides soft, step-in comfort,Cushioned EVA midsole for all-day comfort,Tire inspired outsole pattern provides ultimate flex & superior traction,Regular,Style #: 3026696,Lace type: Stretch bungee with hook & loop strap,Imported,Machine wash cold with like colors,Use only non-chlorine bleach when needed,Tumble dry low,Do not iron,Do not use softeners,Do not dry clean",https://www.underarmour.ca/en-ca/p/running_and_training/boys_pre-school_ua_pursuit_3_ac_big_logo_running_shoes/3026696.html?dwvar_3026696_color=001
Boys' Grade School UA Speed Swift Running Shoes,80,"Built insanely light and supportive so nothing will hold you back the second coach blows that whistle., Lightweight, translucent mesh upper with sublimated speed graphic is super-breathable,Plush sockliner maintains it's shape for all-day comfort,One-piece EVA midsole turns cushioned landings into explosive takeoffs,Durable rubber outsole provides traction & durability with flexibility where you need it,Regular,Style #: 3028031,Lace type: Standard tie,Imported",https://www.underarmour.ca/en-ca/p/running_and_training/boys_grade_school_ua_speed_swift_running_shoes/3028031.html?dwvar_3028031_color=002
Boys' Grade School UA Speed Swift Running Shoes,80,"Built insanely light and supportive so nothing will hold you back the second coach blows that whistle., Lightweight, translucent mesh upper with sublimated speed graphic is super-breathable,Plush sockliner maintains it's shape for all-day comfort,One-piece EVA midsole turns cushioned landings into explosive takeoffs,Durable rubber outsole provides traction & durability with flexibility where you need it,Regular,Style #: 3028031,Lace type: Standard tie,Imported",https://www.underarmour.ca/en-ca/p/running_and_training/boys_grade_school_ua_speed_swift_running_shoes/3028031.html?dwvar_3028031_color=400
Boys' UA Highlight 2 RM Jr. Football Cleats,75,"The Highlight provides powerful support to help you play with unstoppable speed. Even though it's super-high cut, it's still incredibly light and breathable, so you can stay explosive every snap., Performance synthetic upper & textile collar provide a lightweight fit, mobility & durable support,Open-holed mesh tongue for enhanced ventilation,Die-cut EVA sockliner for excellent comfort & durability under the foot,Rubber molded cleats provide aggressive traction on all surfaces with a lightweight, comfortable feel,Regular,Style #: 3027322,Imported",https://www.underarmour.ca/en-ca/p/football/boys_ua_highlight_2_rm_jr._football_cleats/3027322.html?dwvar_3027322_color=100
Pre-School Curry 12 'Gravity' Basketball Shoes,115,"You're in his orbit. Stephen is a force—pulling his team together and disrupting defenses. Curry 12 'Gravity' defies physics with UA Flow's anti-gravity grip and an explosion of high-vis color., Breathable engineered mesh upper with durable overlays for comfort & control through dynamic movements,External 3D-molded TPU heel counter for enhanced fit & support,EVA midsole delivers a lightweight & responsive ride,Rubber outsole for durability & traction on the court,Regular,Style #: 3027879,Lace type: Standard tie,Imported",https://www.underarmour.ca/en-ca/p/curry_brand_shoes_and_gear/pre-school_curry_12_gravity_basketball_shoes/3027879.html?dwvar_3027879_color=100
Boys' Infant UA Assert 10 AC Running Shoes,60,"Your ultimate lightweight, do-everything shoes—with soft cushioning for a smooth ride and synthetic overlays for more support., Lightweight, breathable mesh upper with synthetic overlays for added durability & support,Hook & loop strap for easy on & off,EVA sockliner provides soft, step-in comfort,One-piece EVA midsole turns cushioned landings into explosive takeoffs,Lightweight, durable outsole,Regular,Style #: 3026184,Lace type: Standard tie with hook & loop strap,Imported",https://www.underarmour.ca/en-ca/p/running_and_training/boys_infant_ua_assert_10_ac_running_shoes/3026184.html?dwvar_3026184_color=006
Boys' UA Highlight 2 RM Jr. Football Cleats,75,"The Highlight provides powerful support to help you play with unstoppable speed. Even though it's super-high cut, it's still incredibly light and breathable, so you can stay explosive every snap., Performance synthetic upper & textile collar provide a lightweight fit, mobility & durable support,Open-holed mesh tongue for enhanced ventilation,Die-cut EVA sockliner for excellent comfort & durability under the foot,Rubber molded cleats provide aggressive traction on all surfaces with a lightweight, comfortable feel,Regular,Style #: 3027322,Imported",https://www.underarmour.ca/en-ca/p/football/boys_ua_highlight_2_rm_jr._football_cleats/3027322.html?dwvar_3027322_color=001
Boys' Infant UA Assert 10 AC Running Shoes,60,"Your ultimate lightweight, do-everything shoes—with soft cushioning for a smooth ride and synthetic overlays for more support., Lightweight, breathable mesh upper with synthetic overlays for added durability & support,Hook & loop strap for easy on & off,EVA sockliner provides soft, step-in comfort,One-piece EVA midsole turns cushioned landings into explosive takeoffs,Lightweight, durable outsole,Regular,Style #: 3026184,Lace type: Standard tie with hook & loop strap,Imported",https://www.underarmour.ca/en-ca/p/running_and_training/boys_infant_ua_assert_10_ac_running_shoes/3026184.html?dwvar_3026184_color=401
Pre-School Curry 3Z 24 Basketball Shoes,90,"These are the shoes you're going to go back to again and again, all season long. A durable rubber outsole, leather overlays, and lock-down webbed lacing make them tough enough to keep up with every cut, drag, and drive., Super-comfortable upper with mix of leather & mesh for durability & breathability where you need it,Plush foam sockliner for increased underfoot comfort,Full-length Micro G® midsole turns cushioned landings into explosive takeoffs,Full rubber outsole for enhanced traction & durability,Regular,Style #: 3027628,Lace type: Standard tie,Imported",https://www.underarmour.ca/en-ca/p/curry_brand_shoes_and_gear/pre-school_curry_3z_24_basketball_shoes/3027628.html?dwvar_3027628_color=002
Grade School UA SlipSpeed™ Printed Training Shoes,100,"These are the most versatile training shoes we've ever made. They feel great, feel cool, cushion better, fit perfectly, handle your toughest training, AND have a heel that converts easily from recover mode to train mode., UA FLOW CUSHIONING: Unmatched comfort, ground contact & traction—no squeaks,BREATHABLE UPPER: Reinforced supportive material with engineered venting,BOA FIT SYSTEM: A personalized fit, one click at a time, with a 12-point lockdown system,ISO-CHILL PADDED INTERIOR: Heel to toe interior foam padding with cool-to-the-touch Iso-Chill technology,MACHINE WASHABLE: We made it easy—put them in the wash to keep them fresh & clean*,CONVERTIBLE HEEL: Go from train mode to recover mode,*Laundry bag not included,Regular,Style #: 3028606,Lace type: BOA™,Imported",https://www.underarmour.ca/en-ca/p/sportswear/grade_school_ua_slipspeed_printed_training_shoes/3028606.html?dwvar_3028606_color=101
Boys' Infant UA Assert 10 AC Running Shoes,60,"Your ultimate lightweight, do-everything shoes—with soft cushioning for a smooth ride and synthetic overlays for more support., Lightweight, breathable mesh upper with synthetic overlays for added durability & support,Hook & loop strap for easy on & off,EVA sockliner provides soft, step-in comfort,One-piece EVA midsole turns cushioned landings into explosive takeoffs,Lightweight, durable outsole,Regular,Style #: 3026184,Lace type: Standard tie with hook & loop strap,Imported",https://www.underarmour.ca/en-ca/p/running_and_training/boys_infant_ua_assert_10_ac_running_shoes/3026184.html?dwvar_3026184_color=001
Grade School Project Rock 7 Training Shoes,165,"UA Clone upper provides an ultra-precise fit that expands & contracts for seamless comfort & support,Plush foam on the inside of the ankle collar for maximum comfort,External, molded TPU heel counter helps stabilize & lockdown the heel to enable mobility in the forefoot,Responsive UA HOVR™ cushioning reduces impact, returns energy & helps propel you forward,Strategic perforations within the UA HOVR™ foam for a more lightweight feel,UA TriBase™ maximizes ground contact, promotes natural motion & provides flexibility to grip during lifts,Durable outsole rubber with toe cap wraps up for support & protection through planks & other HIIT training,Regular,Style #: 3027602,Lace type: Standard tie,Imported",https://www.underarmour.ca/en-ca/p/running_and_training/grade_school_project_rock_7_training_shoes/3027602.html?dwvar_3027602_color=001
Grade School Project Rock 7 Training Shoes,165,"UA Clone upper provides an ultra-precise fit that expands & contracts for seamless comfort & support,Plush foam on the inside of the ankle collar for maximum comfort,External, molded TPU heel counter helps stabilize & lockdown the heel to enable mobility in the forefoot,Responsive UA HOVR™ cushioning reduces impact, returns energy & helps propel you forward,Strategic perforations within the UA HOVR™ foam for a more lightweight feel,UA TriBase™ maximizes ground contact, promotes natural motion & provides flexibility to grip during lifts,Durable outsole rubber with toe cap wraps up for support & protection through planks & other HIIT training,Regular,Style #: 3027602,Lace type: Standard tie,Imported",https://www.underarmour.ca/en-ca/p/running_and_training/grade_school_project_rock_7_training_shoes/3027602.html?dwvar_3027602_color=003
Boys' Grade School UA Rogue 4 Running Shoes,66.97 - 85,"We paired lightweight, breathable mesh with our Charged Cushioning® midsole for amazing responsiveness, maximum impact absorption, and a snappy feel that keeps you running and running., Engineered mesh upper is lightweight & breathable,External heel counter for increased stability,Plush sockliner maintains it's shape for all-day comfort,Dual density Charged Cushioning® midsole for the ultimate blend of comfort & explosive energy return,Solid rubber outsole with strategically placed pods for added durability in high-abrasion areas​,Regular,Style #: 3027106,Lace type: Standard tie,Imported",https://www.underarmour.ca/en-ca/p/running_and_training/boys_grade_school_ua_rogue_4_running_shoes/3027106.html?dwvar_3027106_color=001
Boys' Grade School UA Rogue 4 Running Shoes,66.97 - 85,"We paired lightweight, breathable mesh with our Charged Cushioning® midsole for amazing responsiveness, maximum impact absorption, and a snappy feel that keeps you running and running., Engineered mesh upper is lightweight & breathable,External heel counter for increased stability,Plush sockliner maintains it's shape for all-day comfort,Dual density Charged Cushioning® midsole for the ultimate blend of comfort & explosive energy return,Solid rubber outsole with strategically placed pods for added durability in high-abrasion areas​,Regular,Style #: 3027106,Lace type: Standard tie,Imported",https://www.underarmour.ca/en-ca/p/running_and_training/boys_grade_school_ua_rogue_4_running_shoes/3027106.html?dwvar_3027106_color=004
Boys' Grade School UA Rogue 4 Running Shoes,66.97 - 85,"We paired lightweight, breathable mesh with our Charged Cushioning® midsole for amazing responsiveness, maximum impact absorption, and a snappy feel that keeps you running and running., Engineered mesh upper is lightweight & breathable,External heel counter for increased stability,Plush sockliner maintains it's shape for all-day comfort,Dual density Charged Cushioning® midsole for the ultimate blend of comfort & explosive energy return,Solid rubber outsole with strategically placed pods for added durability in high-abrasion areas​,Regular,Style #: 3027106,Lace type: Standard tie,Imported",https://www.underarmour.ca/en-ca/p/running_and_training/boys_grade_school_ua_rogue_4_running_shoes/3027106.html?dwvar_3027106_color=002
Pre-School UA Lockdown 7 Basketball Shoes,65,"These are light, comfortable, and tough enough to last all season—making them a go-to court shoe year after year., Durable synthetic upper with mesh panels for added breathability & comfort,EVA midsole delivers a lightweight & responsive ride,Rubber outsole for traction & durability,Regular,Style #: 3028514,Lace type: Standard tie,Imported",https://www.underarmour.ca/en-ca/p/hot_fashion/pre-school_ua_lockdown_7_basketball_shoes/3028514.html?dwvar_3028514_color=102
Pre-School UA Lockdown 7 Basketball Shoes,65,"These are light, comfortable, and tough enough to last all season—making them a go-to court shoe year after year., Durable synthetic upper with mesh panels for added breathability & comfort,EVA midsole delivers a lightweight & responsive ride,Rubber outsole for traction & durability,Regular,Style #: 3028514,Lace type: Standard tie,Imported",https://www.underarmour.ca/en-ca/p/hot_fashion/pre-school_ua_lockdown_7_basketball_shoes/3028514.html?dwvar_3028514_color=001
Pre-School UA Lockdown 7 Basketball Shoes,65,"These are light, comfortable, and tough enough to last all season—making them a go-to court shoe year after year., Durable synthetic upper with mesh panels for added breathability & comfort,EVA midsole delivers a lightweight & responsive ride,Rubber outsole for traction & durability,Regular,Style #: 3028514,Lace type: Standard tie,Imported",https://www.underarmour.ca/en-ca/p/hot_fashion/pre-school_ua_lockdown_7_basketball_shoes/3028514.html?dwvar_3028514_color=600
Pre-School UA Lockdown 7 Basketball Shoes,65,"These are light, comfortable, and tough enough to last all season—making them a go-to court shoe year after year., Durable synthetic upper with mesh panels for added breathability & comfort,EVA midsole delivers a lightweight & responsive ride,Rubber outsole for traction & durability,Regular,Style #: 3028514,Lace type: Standard tie,Imported",https://www.underarmour.ca/en-ca/p/hot_fashion/pre-school_ua_lockdown_7_basketball_shoes/3028514.html?dwvar_3028514_color=004
Boys' UA Locker IV Slides,22,"Quick drying one-piece performance molded EVA slide, perfect for locker room or poolside use,Strap, footbed & outsole are all engineered to transport water away from the foot,Regular,Style #: 3023787,Imported",https://www.underarmour.ca/en-ca/p/sandals_and_slides/boys_ua_locker_iv_slides/3023787.html?dwvar_3023787_color=100
Boys' UA Locker IV Slides,22,"Quick drying one-piece performance molded EVA slide, perfect for locker room or poolside use,Strap, footbed & outsole are all engineered to transport water away from the foot,Regular,Style #: 3023787,Imported",https://www.underarmour.ca/en-ca/p/sandals_and_slides/boys_ua_locker_iv_slides/3023787.html?dwvar_3023787_color=001
Grade School UA SlipSpeed™ Printed Training Shoes,100,"These are the most versatile training shoes we've ever made. They feel great, feel cool, cushion better, fit perfectly, handle your toughest training, AND have a heel that converts easily from recover mode to train mode., UA FLOW CUSHIONING: Unmatched comfort, ground contact & traction—no squeaks,BREATHABLE UPPER: Reinforced supportive material with engineered venting,BOA FIT SYSTEM: A personalized fit, one click at a time, with a 12-point lockdown system,ISO-CHILL PADDED INTERIOR: Heel to toe interior foam padding with cool-to-the-touch Iso-Chill technology,MACHINE WASHABLE: We made it easy—put them in the wash to keep them fresh & clean*,CONVERTIBLE HEEL: Go from train mode to recover mode,*Laundry bag not included,Regular,Style #: 3028654,Lace type: BOA™,Imported",https://www.underarmour.ca/en-ca/p/running_and_training/grade_school_ua_slipspeed_printed_training_shoes/3028654.html?dwvar_3028654_color=001
Grade School UA SlipSpeed™ Training Shoes,100,"These are the most versatile training shoes we've ever made. They feel great, feel cool, cushion better, fit perfectly, handle your toughest training, AND have a heel that converts easily from recover mode to train mode., UA FLOW CUSHIONING: Unmatched comfort, ground contact & traction—no squeaks,BREATHABLE UPPER: Reinforced supportive material with engineered venting,BOA FIT SYSTEM: A personalized fit, one click at a time, with a 12-point lockdown system,ISO-CHILL PADDED INTERIOR: Heel to toe interior foam padding with cool-to-the-touch Iso-Chill technology,MACHINE WASHABLE: We made it easy—put them in the wash to keep them fresh & clean*,CONVERTIBLE HEEL: Go from train mode to recover mode,*Laundry bag not included,Regular,Style #: 3028566,Lace type: BOA™,Imported",https://www.underarmour.ca/en-ca/p/running_and_training/grade_school_ua_slipspeed_training_shoes/3028566.html?dwvar_3028566_color=106
Grade School UA SlipSpeed™ Training Shoes,100,"These are the most versatile training shoes we've ever made. They feel great, feel cool, cushion better, fit perfectly, handle your toughest training, AND have a heel that converts easily from recover mode to train mode., UA FLOW CUSHIONING: Unmatched comfort, ground contact & traction—no squeaks,BREATHABLE UPPER: Reinforced supportive material with engineered venting,BOA FIT SYSTEM: A personalized fit, one click at a time, with a 12-point lockdown system,ISO-CHILL PADDED INTERIOR: Heel to toe interior foam padding with cool-to-the-touch Iso-Chill technology,MACHINE WASHABLE: We made it easy—put them in the wash to keep them fresh & clean*,CONVERTIBLE HEEL: Go from train mode to recover mode,*Laundry bag not included,Regular,Style #: 3028566,Lace type: BOA™,Imported",https://www.underarmour.ca/en-ca/p/running_and_training/grade_school_ua_slipspeed_training_shoes/3028566.html?dwvar_3028566_color=103
Boys' Pre-School UA Assert 10 AC Wide Running Shoes,70,"Your ultimate lightweight, do-everything shoes—with soft cushioning for a smooth ride and synthetic overlays for more support., Lightweight, breathable mesh upper with synthetic overlays for added durability & support,Hook & loop strap for easy on & off,EVA sockliner provides soft, step-in comfort,One-piece EVA midsole turns cushioned landings into explosive takeoffs,Lightweight, durable outsole,Wide,Style #: 3026186,Lace type: Standard tie with hook & loop strap,Imported,Wide Sizing built to better fit athletes with wide feet",https://www.underarmour.ca/en-ca/p/running_and_training/boys_pre-school_ua_assert_10_ac_wide_running_shoes/3026186.html?dwvar_3026186_color=001
Grade School UA Jet '23 Basketball Shoes,75,"Locked in and ready for takeoff, the UA Jet is all about performance. A Micro G® midsole gives you the cushioning you need, while the durable upper looks great on and off the court., Mixed-material upper for enhanced durability, breathability & support where you need it,Plush foam sockliner for increased underfoot comfort,Full-length Micro G® midsole turns cushioned landings into explosive takeoffs,Durable rubber outsole uses anatomical traction pattern for superior grip & flexibility,Regular,Style #: 3026635,Weight: 9.6 oz.,Lace type: Standard tie,Imported,Wash inside out with all zippers & closures secured,Machine wash cold with like colors,Do not use softeners or scented detergents,Do not bleach,Tumble dry low & remove promptly, do not use dryer sheets,Do not iron,Do not dry clean",https://www.underarmour.ca/en-ca/p/basketball/grade_school_ua_jet_23_basketball_shoes/3026635.html?dwvar_3026635_color=004
Grade School UA Jet '23 Basketball Shoes,75,"Locked in and ready for takeoff, the UA Jet is all about performance. A Micro G® midsole gives you the cushioning you need, while the durable upper looks great on and off the court., Mixed-material upper for enhanced durability, breathability & support where you need it,Plush foam sockliner for increased underfoot comfort,Full-length Micro G® midsole turns cushioned landings into explosive takeoffs,Durable rubber outsole uses anatomical traction pattern for superior grip & flexibility,Regular,Style #: 3026635,Weight: 9.6 oz.,Lace type: Standard tie,Imported,Wash inside out with all zippers & closures secured,Machine wash cold with like colors,Do not use softeners or scented detergents,Do not bleach,Tumble dry low & remove promptly, do not use dryer sheets,Do not iron,Do not dry clean",https://www.underarmour.ca/en-ca/p/basketball/grade_school_ua_jet_23_basketball_shoes/3026635.html?dwvar_3026635_color=005
Boys' Pre-School UA Surge 4 AC Running Shoes,65,"These shoes are going to feel cushioned and comfortable, but also light and breathable. Why? Because when you never slow down, that's what you need., Lightweight, breathable mesh upper,TPU heel overlay for added durability & support,Adjustable hook & loop strap closure for easy on & off,Full-length EVA sockliner for added comfort & a custom fit,Cushioned EVA midsole for all-day comfort,Lightweight, durable outsole,Regular,Style #: 3027104,Lace type: Standard tie with hook & loop strap,Imported",https://www.underarmour.ca/en-ca/p/running_and_training/boys_pre-school_ua_surge_4_ac_running_shoes/3027104.html?dwvar_3027104_color=003
Boys' Pre-School UA Surge 4 AC Running Shoes,65,"These shoes are going to feel cushioned and comfortable, but also light and breathable. Why? Because when you never slow down, that's what you need., Lightweight, breathable mesh upper,TPU heel overlay for added durability & support,Adjustable hook & loop strap closure for easy on & off,Full-length EVA sockliner for added comfort & a custom fit,Cushioned EVA midsole for all-day comfort,Lightweight, durable outsole,Regular,Style #: 3027104,Lace type: Standard tie with hook & loop strap,Imported",https://www.underarmour.ca/en-ca/p/running_and_training/boys_pre-school_ua_surge_4_ac_running_shoes/3027104.html?dwvar_3027104_color=004
Boys' Pre-School UA Surge 4 AC Running Shoes,65,"These shoes are going to feel cushioned and comfortable, but also light and breathable. Why? Because when you never slow down, that's what you need., Lightweight, breathable mesh upper,TPU heel overlay for added durability & support,Adjustable hook & loop strap closure for easy on & off,Full-length EVA sockliner for added comfort & a custom fit,Cushioned EVA midsole for all-day comfort,Lightweight, durable outsole,Regular,Style #: 3027104,Lace type: Standard tie with hook & loop strap,Imported",https://www.underarmour.ca/en-ca/p/running_and_training/boys_pre-school_ua_surge_4_ac_running_shoes/3027104.html?dwvar_3027104_color=001
Boys' Pre-School UA Surge 4 AC Running Shoes,65,"These shoes are going to feel cushioned and comfortable, but also light and breathable. Why? Because when you never slow down, that's what you need., Lightweight, breathable mesh upper,TPU heel overlay for added durability & support,Adjustable hook & loop strap closure for easy on & off,Full-length EVA sockliner for added comfort & a custom fit,Cushioned EVA midsole for all-day comfort,Lightweight, durable outsole,Regular,Style #: 3027104,Lace type: Standard tie with hook & loop strap,Imported",https://www.underarmour.ca/en-ca/p/running_and_training/boys_pre-school_ua_surge_4_ac_running_shoes/3027104.html?dwvar_3027104_color=002
Boys' Pre-School UA Surge 4 AC Running Shoes,65,"These shoes are going to feel cushioned and comfortable, but also light and breathable. Why? Because when you never slow down, that's what you need., Lightweight, breathable mesh upper,TPU heel overlay for added durability & support,Adjustable hook & loop strap closure for easy on & off,Full-length EVA sockliner for added comfort & a custom fit,Cushioned EVA midsole for all-day comfort,Lightweight, durable outsole,Regular,Style #: 3027104,Lace type: Standard tie with hook & loop strap,Imported",https://www.underarmour.ca/en-ca/p/running_and_training/boys_pre-school_ua_surge_4_ac_running_shoes/3027104.html?dwvar_3027104_color=600
Boys' Pre-School UA Surge 4 AC Running Shoes,65,"These shoes are going to feel cushioned and comfortable, but also light and breathable. Why? Because when you never slow down, that's what you need., Lightweight, breathable mesh upper,TPU heel overlay for added durability & support,Adjustable hook & loop strap closure for easy on & off,Full-length EVA sockliner for added comfort & a custom fit,Cushioned EVA midsole for all-day comfort,Lightweight, durable outsole,Regular,Style #: 3027104,Lace type: Standard tie with hook & loop strap,Imported",https://www.underarmour.ca/en-ca/p/running_and_training/boys_pre-school_ua_surge_4_ac_running_shoes/3027104.html?dwvar_3027104_color=101
Boys' Pre-School UA Assert 10 AC Running Shoes,55.97 - 70,"Your ultimate lightweight, do-everything shoes—with soft cushioning for a smooth ride and synthetic overlays for more support., Lightweight, breathable mesh upper with synthetic overlays for added durability & support,Hook & loop strap for easy on & off,EVA sockliner provides soft, step-in comfort,One-piece EVA midsole turns cushioned landings into explosive takeoffs,Lightweight, durable outsole,Regular,Style #: 3026183,Lace type: Standard tie with hook & loop strap,Imported",https://www.underarmour.ca/en-ca/p/running_and_training/boys_pre-school_ua_assert_10_ac_running_shoes/3026183.html?dwvar_3026183_color=103
Boys' UA Harper 9 RM USA Jr. Baseball Cleats,55,"Synthetic upper is light, breathable & comfortable,Full-length EVA midsole for underfoot cushioning & comfort,New rubber molded outsole is more comfortable & provides traction & durability on all field surfaces,Regular,Style #: 3027451,Imported",https://www.underarmour.ca/en-ca/p/baseball/boys_ua_harper_9_rm_usa_jr._baseball_cleats/3027451.html?dwvar_3027451_color=400
Boys' Pre-School UA Assert 10 AC Running Shoes,55.97 - 70,"Your ultimate lightweight, do-everything shoes—with soft cushioning for a smooth ride and synthetic overlays for more support., Lightweight, breathable mesh upper with synthetic overlays for added durability & support,Hook & loop strap for easy on & off,EVA sockliner provides soft, step-in comfort,One-piece EVA midsole turns cushioned landings into explosive takeoffs,Lightweight, durable outsole,Regular,Style #: 3026183,Lace type: Standard tie with hook & loop strap,Imported",https://www.underarmour.ca/en-ca/p/running_and_training/boys_pre-school_ua_assert_10_ac_running_shoes/3026183.html?dwvar_3026183_color=105
Boys' Pre-School UA Assert 10 AC Running Shoes,55.97 - 70,"Your ultimate lightweight, do-everything shoes—with soft cushioning for a smooth ride and synthetic overlays for more support., Lightweight, breathable mesh upper with synthetic overlays for added durability & support,Hook & loop strap for easy on & off,EVA sockliner provides soft, step-in comfort,One-piece EVA midsole turns cushioned landings into explosive takeoffs,Lightweight, durable outsole,Regular,Style #: 3026183,Lace type: Standard tie with hook & loop strap,Imported",https://www.underarmour.ca/en-ca/p/running_and_training/boys_pre-school_ua_assert_10_ac_running_shoes/3026183.html?dwvar_3026183_color=400
Boys' Pre-School UA Assert 10 AC Running Shoes,55.97 - 70,"Your ultimate lightweight, do-everything shoes—with soft cushioning for a smooth ride and synthetic overlays for more support., Lightweight, breathable mesh upper with synthetic overlays for added durability & support,Hook & loop strap for easy on & off,EVA sockliner provides soft, step-in comfort,One-piece EVA midsole turns cushioned landings into explosive takeoffs,Lightweight, durable outsole,Regular,Style #: 3026183,Lace type: Standard tie with hook & loop strap,Imported",https://www.underarmour.ca/en-ca/p/running_and_training/boys_pre-school_ua_assert_10_ac_running_shoes/3026183.html?dwvar_3026183_color=102
Boys' Pre-School UA Assert 10 AC Running Shoes,55.97 - 70,"Your ultimate lightweight, do-everything shoes—with soft cushioning for a smooth ride and synthetic overlays for more support., Lightweight, breathable mesh upper with synthetic overlays for added durability & support,Hook & loop strap for easy on & off,EVA sockliner provides soft, step-in comfort,One-piece EVA midsole turns cushioned landings into explosive takeoffs,Lightweight, durable outsole,Regular,Style #: 3026183,Lace type: Standard tie with hook & loop strap,Imported",https://www.underarmour.ca/en-ca/p/running_and_training/boys_pre-school_ua_assert_10_ac_running_shoes/3026183.html?dwvar_3026183_color=401
Boys' Pre-School UA Assert 10 AC Running Shoes,55.97 - 70,"Your ultimate lightweight, do-everything shoes—with soft cushioning for a smooth ride and synthetic overlays for more support., Lightweight, breathable mesh upper with synthetic overlays for added durability & support,Hook & loop strap for easy on & off,EVA sockliner provides soft, step-in comfort,One-piece EVA midsole turns cushioned landings into explosive takeoffs,Lightweight, durable outsole,Regular,Style #: 3026183,Lace type: Standard tie with hook & loop strap,Imported",https://www.underarmour.ca/en-ca/p/running_and_training/boys_pre-school_ua_assert_10_ac_running_shoes/3026183.html?dwvar_3026183_color=001
Boys' Pre-School UA Assert 10 AC Running Shoes,55.97 - 70,"Your ultimate lightweight, do-everything shoes—with soft cushioning for a smooth ride and synthetic overlays for more support., Lightweight, breathable mesh upper with synthetic overlays for added durability & support,Hook & loop strap for easy on & off,EVA sockliner provides soft, step-in comfort,One-piece EVA midsole turns cushioned landings into explosive takeoffs,Lightweight, durable outsole,Regular,Style #: 3026183,Lace type: Standard tie with hook & loop strap,Imported",https://www.underarmour.ca/en-ca/p/running_and_training/boys_pre-school_ua_assert_10_ac_running_shoes/3026183.html?dwvar_3026183_color=600
Boys' Pre-School UA Assert 10 AC Running Shoes,55.97 - 70,"Your ultimate lightweight, do-everything shoes—with soft cushioning for a smooth ride and synthetic overlays for more support., Lightweight, breathable mesh upper with synthetic overlays for added durability & support,Hook & loop strap for easy on & off,EVA sockliner provides soft, step-in comfort,One-piece EVA midsole turns cushioned landings into explosive takeoffs,Lightweight, durable outsole,Regular,Style #: 3026183,Lace type: Standard tie with hook & loop strap,Imported",https://www.underarmour.ca/en-ca/p/running_and_training/boys_pre-school_ua_assert_10_ac_running_shoes/3026183.html?dwvar_3026183_color=002
Boys' Pre-School UA Assert 10 AC Running Shoes,55.97 - 70,"Your ultimate lightweight, do-everything shoes—with soft cushioning for a smooth ride and synthetic overlays for more support., Lightweight, breathable mesh upper with synthetic overlays for added durability & support,Hook & loop strap for easy on & off,EVA sockliner provides soft, step-in comfort,One-piece EVA midsole turns cushioned landings into explosive takeoffs,Lightweight, durable outsole,Regular,Style #: 3026183,Lace type: Standard tie with hook & loop strap,Imported",https://www.underarmour.ca/en-ca/p/running_and_training/boys_pre-school_ua_assert_10_ac_running_shoes/3026183.html?dwvar_3026183_color=106
Boys' Grade School UA Assert 10 Running Shoes,61.97 - 75,"Your ultimate lightweight, do-everything shoes—with soft cushioning for a smooth ride and synthetic overlays for more support., Lightweight, breathable mesh upper with synthetic overlays for added durability & support,EVA sockliner provides soft, step-in comfort,One-piece EVA midsole turns cushioned landings into explosive takeoffs,Solid rubber outsole covers high impact zones for greater durability with less weight,Regular,Style #: 3026182,Lace type: Standard tie,Imported",https://www.underarmour.ca/en-ca/p/running_and_training/boys_grade_school_ua_assert_10_running_shoes/3026182.html?dwvar_3026182_color=107
Boys' Grade School UA Assert 10 Running Shoes,61.97 - 75,"Your ultimate lightweight, do-everything shoes—with soft cushioning for a smooth ride and synthetic overlays for more support., Lightweight, breathable mesh upper with synthetic overlays for added durability & support,EVA sockliner provides soft, step-in comfort,One-piece EVA midsole turns cushioned landings into explosive takeoffs,Solid rubber outsole covers high impact zones for greater durability with less weight,Regular,Style #: 3026182,Lace type: Standard tie,Imported",https://www.underarmour.ca/en-ca/p/running_and_training/boys_grade_school_ua_assert_10_running_shoes/3026182.html?dwvar_3026182_color=102
Boys' Grade School UA Assert 10 Running Shoes,61.97 - 75,"Your ultimate lightweight, do-everything shoes—with soft cushioning for a smooth ride and synthetic overlays for more support., Lightweight, breathable mesh upper with synthetic overlays for added durability & support,EVA sockliner provides soft, step-in comfort,One-piece EVA midsole turns cushioned landings into explosive takeoffs,Solid rubber outsole covers high impact zones for greater durability with less weight,Regular,Style #: 3026182,Lace type: Standard tie,Imported",https://www.underarmour.ca/en-ca/p/running_and_training/boys_grade_school_ua_assert_10_running_shoes/3026182.html?dwvar_3026182_color=401
Boys' Grade School UA Assert 10 Running Shoes,61.97 - 75,"Your ultimate lightweight, do-everything shoes—with soft cushioning for a smooth ride and synthetic overlays for more support., Lightweight, breathable mesh upper with synthetic overlays for added durability & support,EVA sockliner provides soft, step-in comfort,One-piece EVA midsole turns cushioned landings into explosive takeoffs,Solid rubber outsole covers high impact zones for greater durability with less weight,Regular,Style #: 3026182,Lace type: Standard tie,Imported",https://www.underarmour.ca/en-ca/p/running_and_training/boys_grade_school_ua_assert_10_running_shoes/3026182.html?dwvar_3026182_color=106
Boys' Grade School UA Assert 10 Running Shoes,61.97 - 75,"Your ultimate lightweight, do-everything shoes—with soft cushioning for a smooth ride and synthetic overlays for more support., Lightweight, breathable mesh upper with synthetic overlays for added durability & support,EVA sockliner provides soft, step-in comfort,One-piece EVA midsole turns cushioned landings into explosive takeoffs,Solid rubber outsole covers high impact zones for greater durability with less weight,Regular,Style #: 3026182,Lace type: Standard tie,Imported",https://www.underarmour.ca/en-ca/p/running_and_training/boys_grade_school_ua_assert_10_running_shoes/3026182.html?dwvar_3026182_color=105
Boys' Grade School UA Assert 10 Running Shoes,61.97 - 75,"Your ultimate lightweight, do-everything shoes—with soft cushioning for a smooth ride and synthetic overlays for more support., Lightweight, breathable mesh upper with synthetic overlays for added durability & support,EVA sockliner provides soft, step-in comfort,One-piece EVA midsole turns cushioned landings into explosive takeoffs,Solid rubber outsole covers high impact zones for greater durability with less weight,Regular,Style #: 3026182,Lace type: Standard tie,Imported",https://www.underarmour.ca/en-ca/p/running_and_training/boys_grade_school_ua_assert_10_running_shoes/3026182.html?dwvar_3026182_color=002
Grade School Curry 3Z 24 Basketball Shoes,95,"These are the shoes you're going to go back to again and again, all season long. A durable rubber outsole, leather overlays, and lock-down webbed lacing make them tough enough to keep up with every cut, drag, and drive., Durable leather upper with mesh inserts provides the perfect combination of comfort & performance,Internal midfoot shank adds stability to every move,UA Micro G® midsole provides a responsive feel underfoot & complete control on the court,Durable rubber outsole uses anatomical traction pattern for superior grip & flexibility,Regular,Style #: 3027627,Lace type: Standard tie,Imported",https://www.underarmour.ca/en-ca/p/curry_brand_shoes_and_gear/grade_school_curry_3z_24_basketball_shoes/3027627.html?dwvar_3027627_color=101
Boys' Grade School UA Assert 10 Running Shoes,61.97 - 75,"Your ultimate lightweight, do-everything shoes—with soft cushioning for a smooth ride and synthetic overlays for more support., Lightweight, breathable mesh upper with synthetic overlays for added durability & support,EVA sockliner provides soft, step-in comfort,One-piece EVA midsole turns cushioned landings into explosive takeoffs,Solid rubber outsole covers high impact zones for greater durability with less weight,Regular,Style #: 3026182,Lace type: Standard tie,Imported",https://www.underarmour.ca/en-ca/p/running_and_training/boys_grade_school_ua_assert_10_running_shoes/3026182.html?dwvar_3026182_color=001
Boys' Grade School UA Assert 10 Running Shoes,61.97 - 75,"Your ultimate lightweight, do-everything shoes—with soft cushioning for a smooth ride and synthetic overlays for more support., Lightweight, breathable mesh upper with synthetic overlays for added durability & support,EVA sockliner provides soft, step-in comfort,One-piece EVA midsole turns cushioned landings into explosive takeoffs,Solid rubber outsole covers high impact zones for greater durability with less weight,Regular,Style #: 3026182,Lace type: Standard tie,Imported",https://www.underarmour.ca/en-ca/p/running_and_training/boys_grade_school_ua_assert_10_running_shoes/3026182.html?dwvar_3026182_color=400
Grade School Curry 3Z 24 Basketball Shoes,95,"These are the shoes you're going to go back to again and again, all season long. A durable rubber outsole, leather overlays, and lock-down webbed lacing make them tough enough to keep up with every cut, drag, and drive., Durable leather upper with mesh inserts provides the perfect combination of comfort & performance,Internal midfoot shank adds stability to every move,UA Micro G® midsole provides a responsive feel underfoot & complete control on the court,Durable rubber outsole uses anatomical traction pattern for superior grip & flexibility,Regular,Style #: 3027627,Lace type: Standard tie,Imported",https://www.underarmour.ca/en-ca/p/curry_brand_shoes_and_gear/grade_school_curry_3z_24_basketball_shoes/3027627.html?dwvar_3027627_color=400
Grade School UA Lockdown 7 Basketball Shoes,70,"These are light, comfortable, and tough enough to last all season—making them a go-to court shoe year after year., Breathable mesh upper with leather & film overlays for added support & durability,EVA midsole delivers a lightweight & responsive ride,Durable, solid rubber outsole with herringbone traction pattern for ultimate on-court movement & control,Regular,Style #: 3028513,Lace type: Standard tie,Imported",https://www.underarmour.ca/en-ca/p/basketball/grade_school_ua_lockdown_7_basketball_shoes/3028513.html?dwvar_3028513_color=001
Grade School Curry 3Z 24 Basketball Shoes,95,"These are the shoes you're going to go back to again and again, all season long. A durable rubber outsole, leather overlays, and lock-down webbed lacing make them tough enough to keep up with every cut, drag, and drive., Durable leather upper with mesh inserts provides the perfect combination of comfort & performance,Internal midfoot shank adds stability to every move,UA Micro G® midsole provides a responsive feel underfoot & complete control on the court,Durable rubber outsole uses anatomical traction pattern for superior grip & flexibility,Regular,Style #: 3027627,Lace type: Standard tie,Imported",https://www.underarmour.ca/en-ca/p/curry_brand_shoes_and_gear/grade_school_curry_3z_24_basketball_shoes/3027627.html?dwvar_3027627_color=002
Boys' UA Leadoff Low RM 3.0 Jr. Baseball Cleats,40,"Step up to the plate in the most comfortable cleats in the ballpark. They've got a soft, padded collar, the right amount of cushioning, and cleats that give you optimum traction without any underfoot pressure., Synthetic upper is lightweight & durable,Padded collar & heel construction for ultimate step-in comfort,Full-length EVA midsole cushioning that evenly distributes cleat pressure underfoot for added comfort,Rubber molded cleats provide optimal traction & durability on all field surfaces,Regular,Style #: 3027455,Imported",https://www.underarmour.ca/en-ca/p/baseball/boys_ua_leadoff_low_rm_3.0_jr._baseball_cleats/3027455.html?dwvar_3027455_color=102
Boys' UA Leadoff Low RM 3.0 Jr. Baseball Cleats,40,"Step up to the plate in the most comfortable cleats in the ballpark. They've got a soft, padded collar, the right amount of cushioning, and cleats that give you optimum traction without any underfoot pressure., Synthetic upper is lightweight & durable,Padded collar & heel construction for ultimate step-in comfort,Full-length EVA midsole cushioning that evenly distributes cleat pressure underfoot for added comfort,Rubber molded cleats provide optimal traction & durability on all field surfaces,Regular,Style #: 3027455,Imported",https://www.underarmour.ca/en-ca/p/baseball/boys_ua_leadoff_low_rm_3.0_jr._baseball_cleats/3027455.html?dwvar_3027455_color=600
Boys' UA Leadoff Low RM 3.0 Jr. Baseball Cleats,40,"Step up to the plate in the most comfortable cleats in the ballpark. They've got a soft, padded collar, the right amount of cushioning, and cleats that give you optimum traction without any underfoot pressure., Synthetic upper is lightweight & durable,Padded collar & heel construction for ultimate step-in comfort,Full-length EVA midsole cushioning that evenly distributes cleat pressure underfoot for added comfort,Rubber molded cleats provide optimal traction & durability on all field surfaces,Regular,Style #: 3027455,Imported",https://www.underarmour.ca/en-ca/p/baseball/boys_ua_leadoff_low_rm_3.0_jr._baseball_cleats/3027455.html?dwvar_3027455_color=001
Kids' UA Magnetico Select 4 FG Jr. Soccer Cleats,75,"Super-soft synthetic leather upper provides a snug fit,3D print & mudguard for additional touch & control,Textile collar & tongue for a sock-like fit with premium internal foam for heel hold & added comfort,Asymmetrical tongue allows for additional space on the medial side for control, passing & shooting,TPU outsole with conical studs provides ideal traction,Regular,Style #: 3027698,Lace type: Standard tie,Imported",https://www.underarmour.ca/en-ca/p/soccer/kids_ua_magnetico_select_4_fg_jr._soccer_cleats/3027698.html?dwvar_3027698_color=100
Grade School UA Lockdown 7 Basketball Shoes,70,"These are light, comfortable, and tough enough to last all season—making them a go-to court shoe year after year., Breathable mesh upper with leather & film overlays for added support & durability,EVA midsole delivers a lightweight & responsive ride,Durable, solid rubber outsole with herringbone traction pattern for ultimate on-court movement & control,Regular,Style #: 3028513,Lace type: Standard tie,Imported",https://www.underarmour.ca/en-ca/p/basketball/grade_school_ua_lockdown_7_basketball_shoes/3028513.html?dwvar_3028513_color=002
Boys' Infant UA Surge 4 AC Running Shoes,48.97 - 55,"These shoes are going to feel cushioned and comfortable, but also light and breathable. Why? Because when you never slow down, that's what you need., Lightweight, breathable mesh upper,TPU heel overlay for added durability & support,Adjustable hook & loop strap closure for easy on & off,Full-length EVA sockliner for added comfort & a custom fit,Cushioned EVA midsole for all-day comfort,Lightweight, durable outsole,Regular,Style #: 3027105,Lace type: Standard tie with hook & loop strap,Imported",https://www.underarmour.ca/en-ca/p/running_and_training/boys_infant_ua_surge_4_ac_running_shoes/3027105.html?dwvar_3027105_color=003
Boys' UA Leadoff Low RM 3.0 Jr. Baseball Cleats,40,"Step up to the plate in the most comfortable cleats in the ballpark. They've got a soft, padded collar, the right amount of cushioning, and cleats that give you optimum traction without any underfoot pressure., Synthetic upper is lightweight & durable,Padded collar & heel construction for ultimate step-in comfort,Full-length EVA midsole cushioning that evenly distributes cleat pressure underfoot for added comfort,Rubber molded cleats provide optimal traction & durability on all field surfaces,Regular,Style #: 3027455,Imported",https://www.underarmour.ca/en-ca/p/baseball/boys_ua_leadoff_low_rm_3.0_jr._baseball_cleats/3027455.html?dwvar_3027455_color=400
Boys' Infant UA Surge 4 AC Running Shoes,48.97 - 55,"These shoes are going to feel cushioned and comfortable, but also light and breathable. Why? Because when you never slow down, that's what you need., Lightweight, breathable mesh upper,TPU heel overlay for added durability & support,Adjustable hook & loop strap closure for easy on & off,Full-length EVA sockliner for added comfort & a custom fit,Cushioned EVA midsole for all-day comfort,Lightweight, durable outsole,Regular,Style #: 3027105,Lace type: Standard tie with hook & loop strap,Imported",https://www.underarmour.ca/en-ca/p/running_and_training/boys_infant_ua_surge_4_ac_running_shoes/3027105.html?dwvar_3027105_color=001
Boys' Infant UA Surge 4 AC Running Shoes,48.97 - 55,"These shoes are going to feel cushioned and comfortable, but also light and breathable. Why? Because when you never slow down, that's what you need., Lightweight, breathable mesh upper,TPU heel overlay for added durability & support,Adjustable hook & loop strap closure for easy on & off,Full-length EVA sockliner for added comfort & a custom fit,Cushioned EVA midsole for all-day comfort,Lightweight, durable outsole,Regular,Style #: 3027105,Lace type: Standard tie with hook & loop strap,Imported",https://www.underarmour.ca/en-ca/p/running_and_training/boys_infant_ua_surge_4_ac_running_shoes/3027105.html?dwvar_3027105_color=004
Pre-School UA Jet '23 Basketball Shoes,54.97 - 70,"Locked in and ready for takeoff, the UA Jet is all about performance. The soft cushioning you need, while the durable upper looks great on and off the court., Mixed-material upper for enhanced durability, breathability & support where you need it,Plush foam sockliner for increased underfoot comfort,Cushioned EVA midsole delivers a lightweight & responsive feel underfoot​,Durable rubber outsole uses anatomical traction pattern for superior grip & flexibility,Regular,Style #: 3026636,Lace type: Standard tie,Imported,Machine wash warm with similar colors,Use only non-chlorine bleach when needed,Tumble dry medium,Do not iron",https://www.underarmour.ca/en-ca/p/basketball/pre-school_ua_jet_23_basketball_shoes/3026636.html?dwvar_3026636_color=004
Pre-School UA Jet '23 Basketball Shoes,54.97 - 70,"Locked in and ready for takeoff, the UA Jet is all about performance. The soft cushioning you need, while the durable upper looks great on and off the court., Mixed-material upper for enhanced durability, breathability & support where you need it,Plush foam sockliner for increased underfoot comfort,Cushioned EVA midsole delivers a lightweight & responsive feel underfoot​,Durable rubber outsole uses anatomical traction pattern for superior grip & flexibility,Regular,Style #: 3026636,Lace type: Standard tie,Imported,Machine wash warm with similar colors,Use only non-chlorine bleach when needed,Tumble dry medium,Do not iron",https://www.underarmour.ca/en-ca/p/basketball/pre-school_ua_jet_23_basketball_shoes/3026636.html?dwvar_3026636_color=104
Boys' Infant UA Surge 4 AC Running Shoes,48.97 - 55,"These shoes are going to feel cushioned and comfortable, but also light and breathable. Why? Because when you never slow down, that's what you need., Lightweight, breathable mesh upper,TPU heel overlay for added durability & support,Adjustable hook & loop strap closure for easy on & off,Full-length EVA sockliner for added comfort & a custom fit,Cushioned EVA midsole for all-day comfort,Lightweight, durable outsole,Regular,Style #: 3027105,Lace type: Standard tie with hook & loop strap,Imported",https://www.underarmour.ca/en-ca/p/running_and_training/boys_infant_ua_surge_4_ac_running_shoes/3027105.html?dwvar_3027105_color=002
Pre-School UA Jet '23 Basketball Shoes,54.97 - 70,"Locked in and ready for takeoff, the UA Jet is all about performance. The soft cushioning you need, while the durable upper looks great on and off the court., Mixed-material upper for enhanced durability, breathability & support where you need it,Plush foam sockliner for increased underfoot comfort,Cushioned EVA midsole delivers a lightweight & responsive feel underfoot​,Durable rubber outsole uses anatomical traction pattern for superior grip & flexibility,Regular,Style #: 3026636,Lace type: Standard tie,Imported,Machine wash warm with similar colors,Use only non-chlorine bleach when needed,Tumble dry medium,Do not iron",https://www.underarmour.ca/en-ca/p/basketball/pre-school_ua_jet_23_basketball_shoes/3026636.html?dwvar_3026636_color=600
Pre-School UA Jet '23 Basketball Shoes,54.97 - 70,"Locked in and ready for takeoff, the UA Jet is all about performance. The soft cushioning you need, while the durable upper looks great on and off the court., Mixed-material upper for enhanced durability, breathability & support where you need it,Plush foam sockliner for increased underfoot comfort,Cushioned EVA midsole delivers a lightweight & responsive feel underfoot​,Durable rubber outsole uses anatomical traction pattern for superior grip & flexibility,Regular,Style #: 3026636,Lace type: Standard tie,Imported,Machine wash warm with similar colors,Use only non-chlorine bleach when needed,Tumble dry medium,Do not iron",https://www.underarmour.ca/en-ca/p/basketball/pre-school_ua_jet_23_basketball_shoes/3026636.html?dwvar_3026636_color=003
Pre-School UA Jet '23 Basketball Shoes,54.97 - 70,"Locked in and ready for takeoff, the UA Jet is all about performance. The soft cushioning you need, while the durable upper looks great on and off the court., Mixed-material upper for enhanced durability, breathability & support where you need it,Plush foam sockliner for increased underfoot comfort,Cushioned EVA midsole delivers a lightweight & responsive feel underfoot​,Durable rubber outsole uses anatomical traction pattern for superior grip & flexibility,Regular,Style #: 3026636,Lace type: Standard tie,Imported,Machine wash warm with similar colors,Use only non-chlorine bleach when needed,Tumble dry medium,Do not iron",https://www.underarmour.ca/en-ca/p/basketball/pre-school_ua_jet_23_basketball_shoes/3026636.html?dwvar_3026636_color=005
